id,first_name,last_name,email,gender,ip_address
1,Persis,Dagwell,pdagwell0@mayoclinic.com,Female,65.28.37.181
2,Ferris,Roaf,froaf1@acquirethisname.com,Male,190.145.145.168
3,Catina,Presho,cpresho2@mozilla.com,Female,216.78.7.162
4,Laird,Catanheira,lcatanheira3@go.com,Male,23.104.218.177
5,Jania,Pleat,jpleat4@behance.net,Female,126.71.188.107
6,Angelique,De Bruyne,adebruyne5@dion.ne.jp,Female,209.102.34.52
7,Brenn,St Quenin,bstquenin6@mozilla.org,Female,132.188.205.194
8,Horatio,Parris,hparris7@wikimedia.org,Male,106.246.61.50
9,Jasmina,Scutter,jscutter8@discuz.net,Female,243.247.215.74
10,Zorina,Kail,zkail9@newsvine.com,Female,148.106.43.136
11,Allyce,Synan,asynana@census.gov,Female,120.90.253.116
12,Margaretta,Page,mpageb@mail.ru,Female,97.168.54.131
13,Jammie,Brekonridge,jbrekonridgec@telegraph.co.uk,Female,37.45.48.11
14,Lois,Ivetts,livettsd@guardian.co.uk,Female,245.33.253.165
15,Lionel,Lawtey,llawteye@oaic.gov.au,Male,252.248.81.254
16,Wynne,Bythell,wbythellf@prnewswire.com,Female,171.35.255.150
17,Milissent,Richten,mrichteng@adobe.com,Female,186.137.243.162
18,Ruggiero,Nevett,rnevetth@weibo.com,Male,61.250.46.24
19,Astra,Fearney,afearneyi@free.fr,Female,25.99.215.103
20,Kinna,Splain,ksplainj@slashdot.org,Female,100.16.69.195
21,Claudia,Edwicke,cedwickek@springer.com,Female,9.245.44.94
22,Emelina,Mateos,emateosl@amazonaws.com,Female,254.47.171.106
23,Amble,Shellum,ashellumm@ask.com,Male,95.232.245.26
24,Clement,Wason,cwasonn@timesonline.co.uk,Male,96.124.87.167
25,Kenn,Emilien,kemilieno@webeden.co.uk,Male,175.24.111.71
26,Alric,Ferrea,aferreap@jiathis.com,Male,43.178.217.50
27,Saleem,Dunrige,sdunrigeq@techcrunch.com,Male,2.164.20.39
28,Tanner,Tamburo,ttamburor@patch.com,Male,91.36.111.197
29,Langston,Mulhill,lmulhills@behance.net,Male,21.217.146.1
30,Dur,Torregiani,dtorregianit@woothemes.com,Male,171.254.190.112
31,Wilden,Sphinxe,wsphinxeu@ovh.net,Male,254.115.231.97
32,Julie,Tandy,jtandyv@sun.com,Male,39.210.177.100
33,Lenka,Ghiroldi,lghiroldiw@mayoclinic.com,Female,84.40.126.228
34,Irina,Lillow,ilillowx@altervista.org,Female,107.5.108.177
35,Bevvy,Akam,bakamy@cocolog-nifty.com,Female,160.91.118.149
36,Kinsley,Lloyd-Williams,klloydwilliamsz@people.com.cn,Male,180.128.207.139
37,Culley,Caplis,ccaplis10@nba.com,Male,71.182.99.85
38,Neall,Oliver,noliver11@yale.edu,Male,87.165.181.201
39,Gianna,Lintin,glintin12@odnoklassniki.ru,Female,234.55.222.121
40,Kellina,Yearsley,kyearsley13@dedecms.com,Female,190.199.177.57
41,Nettie,Dooland,ndooland14@wsj.com,Female,255.161.43.207
42,Hillard,Petrovic,hpetrovic15@flavors.me,Male,232.203.207.36
43,Aubrette,Normandale,anormandale16@dagondesign.com,Female,80.40.46.84
44,Deva,Pym,dpym17@unc.edu,Female,189.243.100.140
45,Shane,Vogel,svogel18@istockphoto.com,Male,104.136.92.204
46,Trixi,Delve,tdelve19@msn.com,Female,197.207.69.206
47,Bertrand,Ballinger,bballinger1a@deliciousdays.com,Male,36.222.164.194
48,Charin,Drews,cdrews1b@slate.com,Female,93.151.110.60
49,Flora,Megany,fmegany1c@google.com.hk,Female,224.92.34.85
50,Manya,Curmi,mcurmi1d@cdbaby.com,Female,243.132.18.66
51,Claudell,Phillip,cphillip1e@tumblr.com,Male,50.5.169.138
52,Shalna,Dosdell,sdosdell1f@privacy.gov.au,Female,34.241.159.156
53,Cherie,Babst,cbabst1g@vk.com,Female,53.135.185.76
54,Kalie,Pires,kpires1h@psu.edu,Female,131.50.11.32
55,Bill,Howell,bhowell1i@cbsnews.com,Female,198.16.131.217
56,Peadar,Symers,psymers1j@1und1.de,Male,49.204.140.193
57,Hasheem,Jillard,hjillard1k@opera.com,Male,61.104.75.32
58,Kimberlyn,Wordsley,kwordsley1l@taobao.com,Female,131.227.12.115
59,Catarina,Corteney,ccorteney1m@nyu.edu,Female,105.64.4.31
60,Ronna,Topaz,rtopaz1n@tripadvisor.com,Female,148.218.63.4
61,Catlaina,Avrahamian,cavrahamian1o@deliciousdays.com,Female,223.13.32.61
62,Ashby,Cordey,acordey1p@biglobe.ne.jp,Male,182.49.200.25
63,Coraline,Noriega,cnoriega1q@thetimes.co.uk,Female,133.92.25.55
64,Fleurette,Klee,fklee1r@people.com.cn,Female,19.225.184.248
65,Sven,Ramel,sramel1s@yahoo.com,Male,86.198.17.177
66,Sasha,Garken,sgarken1t@aboutads.info,Male,3.9.93.158
67,Orville,Ofener,oofener1u@gravatar.com,Male,244.213.158.93
68,Fanny,Bainbrigge,fbainbrigge1v@netscape.com,Female,14.197.142.24
69,Nicolai,Grammer,ngrammer1w@dailymotion.com,Male,252.214.30.138
70,Geneva,Martinot,gmartinot1x@studiopress.com,Female,165.2.151.17
71,Towney,Dauney,tdauney1y@patch.com,Male,161.53.133.144
72,Tristan,O'Gormley,togormley1z@jiathis.com,Male,47.54.191.127
73,Kaycee,Standring,kstandring20@baidu.com,Female,6.244.202.64
74,Nora,Tolson,ntolson21@ox.ac.uk,Female,160.88.243.35
75,Arron,MacCaughey,amaccaughey22@paginegialle.it,Male,18.175.199.139
76,Tove,Tomsa,ttomsa23@uiuc.edu,Female,224.198.153.26
77,Vonny,Scarlet,vscarlet24@printfriendly.com,Female,247.81.39.254
78,Augusta,Cisson,acisson25@pen.io,Female,193.164.224.135
79,Rodrique,Tant,rtant26@istockphoto.com,Male,219.83.23.7
80,Germaine,Cowlishaw,gcowlishaw27@tiny.cc,Female,222.5.133.28
81,Lonny,Ebertz,lebertz28@icio.us,Male,43.177.96.1
82,Shaine,Kohneke,skohneke29@geocities.jp,Male,65.21.37.198
83,Clevie,Lidgley,clidgley2a@miibeian.gov.cn,Male,23.9.68.237
84,Theressa,Ferreres,tferreres2b@weebly.com,Female,246.191.109.37
85,Ronda,Stook,rstook2c@cnet.com,Female,234.222.162.102
86,Caria,Westbrook,cwestbrook2d@alibaba.com,Female,27.248.195.232
87,Flem,Geany,fgeany2e@businessinsider.com,Male,25.110.243.109
88,Joshua,Rymer,jrymer2f@omniture.com,Male,154.118.106.207
89,Tad,Jeenes,tjeenes2g@csmonitor.com,Male,107.9.39.175
90,Vincent,Beentjes,vbeentjes2h@symantec.com,Male,4.66.80.180
91,Tiffany,Bull,tbull2i@google.es,Female,137.59.186.62
92,Flora,Tender,ftender2j@elegantthemes.com,Female,246.186.58.157
93,Westleigh,Challicombe,wchallicombe2k@behance.net,Male,21.252.179.15
94,Donal,Batrip,dbatrip2l@naver.com,Male,21.117.212.204
95,Cory,Farncombe,cfarncombe2m@weibo.com,Male,152.84.93.120
96,Forester,Sawforde,fsawforde2n@pagesperso-orange.fr,Male,156.152.170.254
97,Gradeigh,Blenkin,gblenkin2o@is.gd,Male,248.130.129.122
98,Lanni,Konzelmann,lkonzelmann2p@umn.edu,Female,186.161.107.249
99,Dore,Abberley,dabberley2q@jiathis.com,Male,72.221.108.115
100,Clayton,Jone,cjone2r@statcounter.com,Male,41.237.230.181
101,Jermayne,Bowdrey,jbowdrey2s@skype.com,Male,9.160.254.243
102,Karoline,Cain,kcain2t@tuttocitta.it,Female,208.159.103.6
103,Arne,Dahlberg,adahlberg2u@cisco.com,Male,148.116.83.19
104,Bartholomew,Elia,belia2v@hubpages.com,Male,237.130.183.215
105,Milty,Middiff,mmiddiff2w@nba.com,Male,66.7.162.162
106,Fay,Broom,fbroom2x@weebly.com,Female,35.140.169.230
107,Caresa,Prujean,cprujean2y@clickbank.net,Female,101.230.197.8
108,Staci,Kenningham,skenningham2z@netlog.com,Female,17.44.93.90
109,Pauly,Weddell,pweddell30@fotki.com,Female,123.179.171.34
110,Vinnie,Townend,vtownend31@deviantart.com,Female,187.136.203.158
111,Neddy,Woliter,nwoliter32@devhub.com,Male,196.193.26.127
112,Hobart,Corcoran,hcorcoran33@chron.com,Male,14.170.95.245
113,Lawrence,Derbyshire,lderbyshire34@rambler.ru,Male,17.95.111.158
114,Preston,Coote,pcoote35@mysql.com,Male,50.66.139.17
115,Diane,Gon,dgon36@hexun.com,Female,30.14.122.193
116,Paxton,Clopton,pclopton37@intel.com,Male,233.74.114.112
117,Louisette,Lovemore,llovemore38@cocolog-nifty.com,Female,143.240.238.211
118,Goldi,Gargett,ggargett39@berkeley.edu,Female,87.198.27.144
119,Morena,Goakes,mgoakes3a@mapy.cz,Female,141.231.74.184
120,Creight,Yglesia,cyglesia3b@craigslist.org,Male,164.126.174.119
121,Franciskus,Gulston,fgulston3c@uiuc.edu,Male,157.21.220.215
122,Aime,Mariner,amariner3d@ask.com,Female,211.212.138.86
123,Filippo,Sudy,fsudy3e@imdb.com,Male,187.148.234.101
124,Teodoro,Rodda,trodda3f@newyorker.com,Male,239.191.137.10
125,Adria,O'Fallone,aofallone3g@shutterfly.com,Female,131.252.209.126
126,Merry,Jenton,mjenton3h@wufoo.com,Male,21.170.219.8
127,Teddie,Veltmann,tveltmann3i@loc.gov,Male,236.19.11.16
128,Torrence,Krol,tkrol3j@deviantart.com,Male,146.123.9.121
129,Ninnetta,Readwin,nreadwin3k@prlog.org,Female,173.138.231.129
130,Xymenes,Leacock,xleacock3l@loc.gov,Male,215.183.182.196
131,Teresina,Sturt,tsturt3m@dyndns.org,Female,131.174.155.165
132,Carlene,Zellick,czellick3n@google.co.jp,Female,14.155.139.49
133,Ganny,Gras,ggras3o@hostgator.com,Male,180.178.64.38
134,Jack,Dempster,jdempster3p@g.co,Male,232.58.18.243
135,Skell,Dealey,sdealey3q@mozilla.com,Male,165.152.27.212
136,Newton,Aubury,naubury3r@npr.org,Male,46.204.243.170
137,Reuven,MacCard,rmaccard3s@twitpic.com,Male,236.18.31.82
138,Julianne,Balfe,jbalfe3t@state.gov,Female,178.62.3.62
139,Cesar,Sommersett,csommersett3u@reverbnation.com,Male,220.172.160.129
140,Fayina,Cater,fcater3v@elpais.com,Female,163.102.235.180
141,Berkly,Collet,bcollet3w@ehow.com,Male,54.179.200.214
142,Israel,Ahmad,iahmad3x@nymag.com,Male,147.127.45.203
143,Dredi,Seldon,dseldon3y@cdbaby.com,Female,87.147.245.6
144,Vincenty,Gurry,vgurry3z@usgs.gov,Male,124.165.120.77
145,Alvera,Fildery,afildery40@sakura.ne.jp,Female,20.73.59.114
146,Durward,Rubinow,drubinow41@weather.com,Male,198.157.176.184
147,Shirley,Toler,stoler42@mozilla.com,Female,5.123.48.59
148,Marlo,Couldwell,mcouldwell43@patch.com,Male,213.233.79.217
149,Malva,Scupham,mscupham44@webs.com,Female,64.22.64.33
150,Caralie,Hinkins,chinkins45@cdc.gov,Female,110.189.177.156
151,Thelma,Bugdall,tbugdall46@is.gd,Female,101.113.128.166
152,Nikos,Brabant,nbrabant47@nyu.edu,Male,129.50.60.116
153,Poul,Gorgl,pgorgl48@bbb.org,Male,70.161.1.48
154,Jyoti,Stokell,jstokell49@github.io,Female,220.211.62.78
155,Glendon,Cuffin,gcuffin4a@cyberchimps.com,Male,54.95.182.15
156,Randie,Behne,rbehne4b@globo.com,Male,78.44.42.51
157,Dani,Partner,dpartner4c@tinypic.com,Male,146.16.236.83
158,Isidor,Grinval,igrinval4d@vinaora.com,Male,103.182.189.137
159,Margery,Doodson,mdoodson4e@free.fr,Female,217.130.224.108
160,Leigha,Gulliford,lgulliford4f@nih.gov,Female,149.40.114.15
161,Brice,Kahen,bkahen4g@hostgator.com,Male,74.52.133.245
162,Neill,Morfell,nmorfell4h@smugmug.com,Male,131.90.180.44
163,Edan,Raeside,eraeside4i@paginegialle.it,Male,102.134.217.87
164,Jody,Kidney,jkidney4j@craigslist.org,Male,29.190.66.15
165,Bobbye,Dempsey,bdempsey4k@yahoo.co.jp,Female,205.142.174.175
166,Jermayne,Willshaw,jwillshaw4l@engadget.com,Male,184.6.131.170
167,Katy,Maty,kmaty4m@pagesperso-orange.fr,Female,91.253.202.201
168,Rudolfo,Doig,rdoig4n@yahoo.co.jp,Male,59.155.21.98
169,Udale,Swinnard,uswinnard4o@digg.com,Male,253.15.5.246
170,Marlee,Amdohr,mamdohr4p@php.net,Female,97.159.151.44
171,Evan,Eagling,eeagling4q@earthlink.net,Male,176.238.139.162
172,Naoma,Wilkins,nwilkins4r@yandex.ru,Female,154.196.181.144
173,Dina,De Minico,ddeminico4s@gmpg.org,Female,120.148.255.231
174,Deane,Harbisher,dharbisher4t@yahoo.com,Male,247.191.28.32
175,Ollie,Yerson,oyerson4u@amazon.co.uk,Female,60.27.147.16
176,Edvard,Geillier,egeillier4v@wikia.com,Male,108.121.161.107
177,Torrence,Hannan,thannan4w@wordpress.com,Male,241.214.104.125
178,Lucias,Millam,lmillam4x@marriott.com,Male,111.58.51.56
179,Carver,Dreghorn,cdreghorn4y@eventbrite.com,Male,242.12.222.143
180,Delmar,Dyzart,ddyzart4z@studiopress.com,Male,110.10.52.206
181,Waylen,Normanell,wnormanell50@icq.com,Male,7.11.97.192
182,Nikki,De Mico,ndemico51@go.com,Male,105.132.225.43
183,Brittni,Tinton,btinton52@e-recht24.de,Female,181.183.106.241
184,Gisele,Jorg,gjorg53@hp.com,Female,241.171.18.229
185,Fred,Pottell,fpottell54@360.cn,Female,69.153.26.129
186,Bel,Lerigo,blerigo55@mapy.cz,Female,30.144.116.131
187,Ashleigh,Gallard,agallard56@miibeian.gov.cn,Female,127.68.82.201
188,Dwight,Pasquale,dpasquale57@seesaa.net,Male,9.48.84.187
189,Wainwright,Bumfrey,wbumfrey58@technorati.com,Male,241.254.53.193
190,Emilie,MacMechan,emacmechan59@weebly.com,Female,16.10.104.167
191,Cordie,Reolfo,creolfo5a@xinhuanet.com,Male,109.55.174.161
192,Benson,Goodwill,bgoodwill5b@posterous.com,Male,100.141.125.10
193,Bendicty,Hatzar,bhatzar5c@telegraph.co.uk,Male,129.254.11.247
194,Minny,Trimble,mtrimble5d@techcrunch.com,Female,160.98.28.76
195,Christan,Waind,cwaind5e@blogspot.com,Female,89.95.118.229
196,Donnamarie,Hardwin,dhardwin5f@accuweather.com,Female,166.214.44.150
197,Rabi,Toffanini,rtoffanini5g@uiuc.edu,Male,220.37.38.188
198,Mateo,Sedgefield,msedgefield5h@psu.edu,Male,194.196.227.25
199,Zea,Dallaghan,zdallaghan5i@last.fm,Female,208.226.74.236
200,Raymond,Reap,rreap5j@mapquest.com,Male,56.234.10.123
201,Mahmoud,Stonehouse,mstonehouse5k@barnesandnoble.com,Male,203.8.122.139
202,Heddi,Leftly,hleftly5l@unblog.fr,Female,75.216.55.147
203,Morgun,Kibblewhite,mkibblewhite5m@wix.com,Male,61.166.142.46
204,Saunderson,Doy,sdoy5n@virginia.edu,Male,178.250.56.143
205,Gibbie,Lagde,glagde5o@economist.com,Male,55.184.124.124
206,Horten,Keppel,hkeppel5p@google.it,Male,243.20.166.211
207,Mortie,O' Shea,moshea5q@meetup.com,Male,246.192.174.38
208,Alberik,Dudgeon,adudgeon5r@dot.gov,Male,99.21.126.95
209,Kayne,Anderl,kanderl5s@last.fm,Male,81.60.138.68
210,Ivar,Labram,ilabram5t@1688.com,Male,151.110.109.108
211,Dermot,Drewes,ddrewes5u@devhub.com,Male,244.118.31.160
212,Nanine,Wint,nwint5v@delicious.com,Female,200.139.140.79
213,Kalil,Nias,knias5w@lulu.com,Male,90.253.86.228
214,Zared,Jennens,zjennens5x@xing.com,Male,22.230.134.241
215,Leon,Niemiec,lniemiec5y@reddit.com,Male,31.93.242.240
216,Rubie,Hunnisett,rhunnisett5z@gov.uk,Female,144.229.212.139
217,Nickey,Reskelly,nreskelly60@hostgator.com,Male,194.250.202.195
218,Sybyl,Haughton,shaughton61@google.es,Female,38.23.90.146
219,Tisha,Tinner,ttinner62@google.com.au,Female,242.60.17.84
220,Roth,Grimsley,rgrimsley63@comcast.net,Male,202.93.153.183
221,Jasen,Restorick,jrestorick64@yellowbook.com,Male,232.52.18.225
222,Tamarra,Secret,tsecret65@craigslist.org,Female,104.226.110.112
223,Antonio,Boner,aboner66@fastcompany.com,Male,135.10.68.234
224,Dominik,Purvess,dpurvess67@cafepress.com,Male,208.4.92.84
225,Giana,Probbings,gprobbings68@yandex.ru,Female,22.105.194.185
226,Christean,Blindmann,cblindmann69@techcrunch.com,Female,252.74.248.171
227,Domingo,Jammes,djammes6a@zdnet.com,Male,146.29.199.181
228,Claretta,Pryce,cpryce6b@washingtonpost.com,Female,28.57.154.99
229,Ignacius,MacDowal,imacdowal6c@naver.com,Male,168.73.37.69
230,Giustino,Whitelaw,gwhitelaw6d@dedecms.com,Male,57.129.182.152
231,Garrot,McKeevers,gmckeevers6e@liveinternet.ru,Male,74.103.197.86
232,Berrie,Monketon,bmonketon6f@linkedin.com,Female,110.235.245.198
233,Anthe,Carrabot,acarrabot6g@tinypic.com,Female,243.158.247.242
234,Benita,Renvoise,brenvoise6h@histats.com,Female,223.46.106.116
235,Charles,Castagne,ccastagne6i@google.ca,Male,43.227.15.97
236,Felix,McIver,fmciver6j@census.gov,Male,202.48.159.253
237,Valdemar,Timlin,vtimlin6k@blinklist.com,Male,220.110.139.89
238,Zuzana,Balnaves,zbalnaves6l@pagesperso-orange.fr,Female,212.51.121.92
239,Leicester,Rosekilly,lrosekilly6m@macromedia.com,Male,110.7.113.18
240,Adrien,Solan,asolan6n@blinklist.com,Male,48.157.76.23
241,Lorne,Wavish,lwavish6o@free.fr,Male,238.185.23.129
242,Shermy,Albrighton,salbrighton6p@google.es,Male,199.143.124.122
243,Timofei,Cayford,tcayford6q@auda.org.au,Male,140.27.195.41
244,Delphine,Gissop,dgissop6r@blogs.com,Female,71.238.233.0
245,Pris,Watton,pwatton6s@latimes.com,Female,22.53.81.8
246,Jobye,Wrangle,jwrangle6t@artisteer.com,Female,253.9.169.172
247,Tiffani,Clemenzo,tclemenzo6u@earthlink.net,Female,241.174.16.203
248,Demetri,Fortye,dfortye6v@bing.com,Male,138.154.235.18
249,Janie,Mattiussi,jmattiussi6w@loc.gov,Female,33.34.145.128
250,Adriana,Channon,achannon6x@nbcnews.com,Female,237.12.107.207
251,Tristan,Kenan,tkenan6y@drupal.org,Male,148.188.95.38
252,Kit,Yoxen,kyoxen6z@army.mil,Female,191.33.171.196
253,Con,Oke,coke70@merriam-webster.com,Male,6.39.96.160
254,Ara,Miles,amiles71@blogger.com,Male,6.173.27.7
255,Lexis,Middleweek,lmiddleweek72@abc.net.au,Female,77.18.219.204
256,Tricia,Edmons,tedmons73@histats.com,Female,169.145.101.170
257,Ashia,Bracknell,abracknell74@hc360.com,Female,14.239.247.216
258,Armando,Le febre,alefebre75@boston.com,Male,74.48.22.190
259,Lindi,Delacourt,ldelacourt76@usatoday.com,Female,14.199.38.21
260,Bess,Lowing,blowing77@about.com,Female,202.88.18.10
261,Ruthann,Brierley,rbrierley78@mozilla.com,Female,4.236.99.105
262,Brook,Corpes,bcorpes79@acquirethisname.com,Male,91.235.214.217
263,Andree,Graysmark,agraysmark7a@bloglines.com,Female,152.187.138.20
264,Bernhard,Cubberley,bcubberley7b@joomla.org,Male,110.210.10.227
265,Devin,Anthoin,danthoin7c@bigcartel.com,Male,194.55.161.115
266,Kris,Oppy,koppy7d@slate.com,Female,251.215.165.187
267,Jordanna,Dysart,jdysart7e@bloglovin.com,Female,35.209.205.61
268,Galina,Granham,ggranham7f@hao123.com,Female,66.230.215.209
269,Vergil,Braiden,vbraiden7g@accuweather.com,Male,124.190.42.216
270,Tyler,Toffler,ttoffler7h@zimbio.com,Male,152.99.239.223
271,Gary,Dussy,gdussy7i@ca.gov,Male,45.170.98.156
272,Neal,Kiellor,nkiellor7j@mit.edu,Male,241.31.129.142
273,Jessee,Daughtry,jdaughtry7k@cornell.edu,Male,188.64.209.103
274,Anatole,Chichgar,achichgar7l@de.vu,Male,104.193.206.147
275,Nathan,Bolgar,nbolgar7m@pbs.org,Male,47.34.82.175
276,Teriann,Dursley,tdursley7n@squidoo.com,Female,79.78.101.193
277,Basil,Matzeitis,bmatzeitis7o@yale.edu,Male,17.144.244.5
278,Valentin,Moreno,vmoreno7p@java.com,Male,150.117.219.41
279,Willy,Ranyell,wranyell7q@house.gov,Male,52.93.135.158
280,Eldredge,Chrystal,echrystal7r@trellian.com,Male,231.146.170.208
281,Roderich,Fero,rfero7s@ask.com,Male,216.247.37.2
282,Jarrid,Eversley,jeversley7t@blinklist.com,Male,186.249.233.204
283,Rancell,Jevon,rjevon7u@ifeng.com,Male,247.85.106.227
284,Kirsten,Wrathall,kwrathall7v@ocn.ne.jp,Female,13.235.140.38
285,Chiarra,Templeman,ctempleman7w@over-blog.com,Female,107.177.182.12
286,Tara,Bratton,tbratton7x@ucoz.ru,Female,124.3.26.82
287,Silvia,Gayler,sgayler7y@un.org,Female,61.81.0.106
288,Rupert,Peron,rperon7z@purevolume.com,Male,178.172.212.104
289,Ines,Rockhall,irockhall80@wikipedia.org,Female,63.179.5.106
290,Lucio,Lubomirski,llubomirski81@wix.com,Male,233.19.116.241
291,Derrek,Burgh,dburgh82@technorati.com,Male,193.254.12.160
292,Byrle,Lackinton,blackinton83@hubpages.com,Male,102.110.115.31
293,Martguerita,Kings,mkings84@webnode.com,Female,11.239.12.159
294,Deloria,Sarjent,dsarjent85@1und1.de,Female,196.41.180.144
295,Klarika,Gibb,kgibb86@miibeian.gov.cn,Female,197.214.129.239
296,Elfreda,Hull,ehull87@paypal.com,Female,37.110.228.212
297,Pincas,McCafferky,pmccafferky88@usda.gov,Male,167.86.122.219
298,Randolph,Sier,rsier89@tinypic.com,Male,204.145.179.73
299,Albina,Summerell,asummerell8a@wunderground.com,Female,164.248.124.189
300,Birgitta,Donnell,bdonnell8b@archive.org,Female,132.207.243.192
301,Vito,McKinney,vmckinney8c@youku.com,Male,91.49.101.61
302,Tulley,Paradis,tparadis8d@ow.ly,Male,200.47.2.122
303,Hilary,Krollmann,hkrollmann8e@washington.edu,Male,175.140.70.171
304,Gilda,Woodgate,gwoodgate8f@dailymotion.com,Female,241.220.118.91
305,Beatrisa,Poolton,bpoolton8g@1und1.de,Female,166.66.73.186
306,Durante,Lalevee,dlalevee8h@gov.uk,Male,104.118.86.164
307,Midge,Applegate,mapplegate8i@google.pl,Female,46.123.49.53
308,Devonna,Orrock,dorrock8j@irs.gov,Female,17.160.173.107
309,Tatiana,Boggon,tboggon8k@npr.org,Female,135.35.151.180
310,Euphemia,Nassie,enassie8l@mozilla.com,Female,232.238.75.202
311,Alli,Bingall,abingall8m@apple.com,Female,145.155.51.1
312,Roz,Sextone,rsextone8n@weather.com,Female,200.160.38.24
313,Joan,Hurleston,jhurleston8o@google.com.au,Female,187.148.174.45
314,Jefferson,Renowden,jrenowden8p@mit.edu,Male,252.12.1.110
315,Codie,Arnot,carnot8q@xinhuanet.com,Male,64.109.124.46
316,Nicole,Cotsford,ncotsford8r@people.com.cn,Female,90.108.47.4
317,Iris,Toseland,itoseland8s@salon.com,Female,82.14.211.87
318,Hy,Geraldini,hgeraldini8t@engadget.com,Male,250.136.48.168
319,Emmalyn,Coxhell,ecoxhell8u@upenn.edu,Female,145.101.213.146
320,Delmore,Yurevich,dyurevich8v@goo.ne.jp,Male,65.66.229.152
321,Silvio,Lujan,slujan8w@jiathis.com,Male,79.168.41.92
322,Rosina,O'Hone,rohone8x@sfgate.com,Female,108.31.90.131
323,Nicky,Kitcherside,nkitcherside8y@who.int,Male,9.109.126.237
324,Hannis,Choake,hchoake8z@imageshack.us,Female,123.83.34.200
325,Yorgo,Harkus,yharkus90@narod.ru,Male,223.100.205.135
326,Bekki,McAllister,bmcallister91@yelp.com,Female,98.236.214.12
327,Elnora,Penn,epenn92@163.com,Female,74.150.219.225
328,Paddie,Muckleston,pmuckleston93@blinklist.com,Male,245.83.71.29
329,Jeanie,Alberts,jalberts94@noaa.gov,Female,162.53.251.200
330,Lyndell,Sommerled,lsommerled95@sina.com.cn,Female,150.131.67.90
331,Carin,Yates,cyates96@ezinearticles.com,Female,121.206.58.197
332,Bram,Koopman,bkoopman97@mit.edu,Male,96.249.181.52
333,Eilis,Heighway,eheighway98@usnews.com,Female,183.253.206.170
334,Broderick,Sussems,bsussems99@adobe.com,Male,247.55.106.245
335,Alfie,Preshous,apreshous9a@printfriendly.com,Female,36.217.71.225
336,Mirna,Ledstone,mledstone9b@quantcast.com,Female,137.16.163.153
337,Melania,Rutland,mrutland9c@cnbc.com,Female,23.146.168.139
338,Bobbye,Folder,bfolder9d@jalbum.net,Female,208.154.120.234
339,Sybilla,Silley,ssilley9e@nymag.com,Female,74.18.218.104
340,Anjela,Ashpole,aashpole9f@photobucket.com,Female,106.164.197.254
341,Alaine,Govenlock,agovenlock9g@usatoday.com,Female,241.70.59.43
342,Lacie,Dovidian,ldovidian9h@disqus.com,Female,37.71.119.117
343,Henderson,Fehners,hfehners9i@wordpress.org,Male,118.65.67.189
344,Simeon,Shead,sshead9j@elegantthemes.com,Male,221.196.109.18
345,Dannye,Way,dway9k@shareasale.com,Female,254.212.163.163
346,Derwin,Spottswood,dspottswood9l@odnoklassniki.ru,Male,80.80.7.152
347,Filia,Gibbie,fgibbie9m@yellowbook.com,Female,80.197.148.27
348,Yale,Wahncke,ywahncke9n@wikispaces.com,Male,83.93.204.95
349,Braden,Casburn,bcasburn9o@hhs.gov,Male,161.208.58.105
350,Morena,Latey,mlatey9p@weibo.com,Female,110.226.223.22
351,Vladamir,Onions,vonions9q@youtu.be,Male,45.235.76.220
352,Brok,Woodes,bwoodes9r@studiopress.com,Male,37.81.161.11
353,Woody,Splevings,wsplevings9s@google.nl,Male,37.252.180.180
354,Edlin,Tubridy,etubridy9t@upenn.edu,Male,243.97.38.60
355,Franky,Grix,fgrix9u@washington.edu,Female,52.85.45.22
356,Lacie,Daines,ldaines9v@sakura.ne.jp,Female,224.164.217.48
357,Nanice,Tribell,ntribell9w@webnode.com,Female,13.69.165.241
358,Nicola,Hollow,nhollow9x@washingtonpost.com,Female,30.28.158.23
359,Lila,Blaske,lblaske9y@etsy.com,Female,147.49.177.224
360,Damon,Fassan,dfassan9z@narod.ru,Male,188.185.200.138
361,Prentiss,Pocklington,ppocklingtona0@goo.gl,Male,51.169.187.141
362,D'arcy,Prosser,dprossera1@amazon.co.uk,Male,105.171.1.153
363,Sibelle,Pear,speara2@sakura.ne.jp,Female,172.105.155.110
364,Chlo,Ninnotti,cninnottia3@digg.com,Female,188.87.30.148
365,Max,Mougeot,mmougeota4@ameblo.jp,Female,184.37.130.76
366,Sileas,Reuss,sreussa5@disqus.com,Female,15.228.87.96
367,Godfree,Kibbe,gkibbea6@is.gd,Male,69.90.54.236
368,Charlie,Brayley,cbrayleya7@icio.us,Male,21.13.49.46
369,Greer,Dipple,gdipplea8@bloomberg.com,Female,59.144.145.225
370,Shepard,Gauntlett,sgauntletta9@bravesites.com,Male,247.151.236.194
371,Talbot,Dolden,tdoldenaa@eventbrite.com,Male,208.249.39.95
372,Joli,Heers,jheersab@mashable.com,Female,220.94.0.43
373,Bernardo,Semark,bsemarkac@ucla.edu,Male,86.170.121.77
374,Betteann,Dubery,bduberyad@fda.gov,Female,11.19.90.40
375,Tonnie,Gerault,tgeraultae@nih.gov,Male,240.230.8.42
376,Estell,Plesing,eplesingaf@blogspot.com,Female,29.177.189.233
377,Panchito,Gerry,pgerryag@opera.com,Male,49.98.196.245
378,Flin,Haycock,fhaycockah@trellian.com,Male,82.101.165.220
379,Irvin,Wildey,iwildeyai@china.com.cn,Male,120.55.70.71
380,Harper,Bullivent,hbulliventaj@google.ru,Male,81.32.113.11
381,Michaela,Baleine,mbaleineak@whitehouse.gov,Female,81.148.179.221
382,Ruby,Lindup,rlindupal@yahoo.com,Female,147.130.32.50
383,Mattie,Raynard,mraynardam@ox.ac.uk,Female,241.179.160.211
384,Estrellita,Kempston,ekempstonan@infoseek.co.jp,Female,23.221.126.239
385,Agnella,Hallstone,ahallstoneao@geocities.com,Female,155.21.165.227
386,Giselbert,Cowper,gcowperap@omniture.com,Male,13.176.230.209
387,Kasper,Stuckow,kstuckowaq@networksolutions.com,Male,229.15.226.133
388,Gloriane,Sarre,gsarrear@51.la,Female,180.217.165.37
389,Fernandina,Cogswell,fcogswellas@miitbeian.gov.cn,Female,229.121.18.5
390,Durward,Silverlock,dsilverlockat@shinystat.com,Male,14.134.133.250
391,Nikos,Clem,nclemau@hao123.com,Male,26.200.142.11
392,Milo,Lackner,mlacknerav@xinhuanet.com,Male,47.73.225.98
393,Georgie,Ronayne,gronayneaw@tinyurl.com,Female,71.57.138.195
394,Geno,Tugwell,gtugwellax@list-manage.com,Male,160.58.165.141
395,Noellyn,Delgardo,ndelgardoay@oaic.gov.au,Female,95.237.95.51
396,Novelia,Berthot,nberthotaz@ihg.com,Female,30.119.40.56
397,Maxie,Yoxen,myoxenb0@miibeian.gov.cn,Female,17.72.132.11
398,Eadith,Calow,ecalowb1@stanford.edu,Female,17.117.56.158
399,Eduino,Ionn,eionnb2@acquirethisname.com,Male,165.0.105.104
400,Eziechiele,Kebell,ekebellb3@infoseek.co.jp,Male,227.38.86.109
401,Zachariah,Spada,zspadab4@sina.com.cn,Male,193.216.155.232
402,Ashley,Bartomeu,abartomeub5@feedburner.com,Female,107.126.51.197
403,Codie,Thowless,cthowlessb6@hc360.com,Male,164.215.25.55
404,Joline,Adrian,jadrianb7@aboutads.info,Female,11.3.16.32
405,Marrissa,McKenney,mmckenneyb8@linkedin.com,Female,119.138.80.198
406,Dania,Degli Abbati,ddegliabbatib9@yahoo.com,Female,77.246.219.136
407,Derril,Lyddyard,dlyddyardba@jigsy.com,Male,33.117.137.109
408,Emmi,Snelman,esnelmanbb@soundcloud.com,Female,12.217.174.237
409,Shawnee,Tyrwhitt,styrwhittbc@paypal.com,Female,4.139.12.238
410,Hildegarde,St. Louis,hstlouisbd@cbc.ca,Female,127.127.166.68
411,Nickie,Hudspeth,nhudspethbe@bizjournals.com,Male,214.179.196.123
412,Edin,Pedrollo,epedrollobf@cpanel.net,Female,250.175.237.250
413,Gasper,Mcmanaman,gmcmanamanbg@4shared.com,Male,205.203.30.181
414,Enoch,Goggin,egogginbh@issuu.com,Male,75.181.114.98
415,Pietrek,Rothman,prothmanbi@reuters.com,Male,69.195.81.207
416,Ellene,Manser,emanserbj@hostgator.com,Female,246.6.101.221
417,Ingelbert,Ewings,iewingsbk@jigsy.com,Male,169.227.126.84
418,Hubey,Dudman,hdudmanbl@imageshack.us,Male,162.185.95.237
419,Bogey,McDuff,bmcduffbm@fotki.com,Male,119.234.49.26
420,Yasmin,Syde,ysydebn@google.com.au,Female,85.31.231.228
421,Janean,Meehan,jmeehanbo@freewebs.com,Female,162.61.198.128
422,Olenka,Redgewell,oredgewellbp@acquirethisname.com,Female,202.153.174.43
423,Terri,Trathen,ttrathenbq@123-reg.co.uk,Female,84.136.154.195
424,Udall,Burvill,uburvillbr@soup.io,Male,6.54.216.54
425,Humfrid,Gowenlock,hgowenlockbs@boston.com,Male,121.202.136.13
426,Hurleigh,Seifenmacher,hseifenmacherbt@thetimes.co.uk,Male,107.2.117.248
427,Hanna,Sturgess,hsturgessbu@godaddy.com,Female,196.123.225.130
428,Orv,Ibbetson,oibbetsonbv@studiopress.com,Male,115.50.59.111
429,Sig,Booton,sbootonbw@yale.edu,Male,43.39.23.100
430,Angelica,Senescall,asenescallbx@networksolutions.com,Female,27.150.244.24
431,Grenville,Nisbet,gnisbetby@tmall.com,Male,89.213.90.68
432,Vicki,Hunnawill,vhunnawillbz@sina.com.cn,Female,98.76.248.36
433,Willette,Breyt,wbreytc0@imdb.com,Female,255.190.47.250
434,Mirilla,Synnott,msynnottc1@noaa.gov,Female,143.178.185.226
435,Danyette,Chubb,dchubbc2@cdbaby.com,Female,191.208.181.213
436,Ricky,Hubach,rhubachc3@1und1.de,Male,188.188.161.163
437,Nikoletta,McGebenay,nmcgebenayc4@g.co,Female,66.185.223.46
438,Ambrose,Minett,aminettc5@yellowpages.com,Male,243.70.4.7
439,Dot,Rushbrooke,drushbrookec6@yandex.ru,Female,134.114.251.85
440,Lynnea,Cakebread,lcakebreadc7@unesco.org,Female,167.91.237.34
441,Saw,Ollin,sollinc8@multiply.com,Male,172.245.38.228
442,Dell,Itzkovici,ditzkovicic9@booking.com,Male,171.38.195.16
443,Isaac,Whitmell,iwhitmellca@wufoo.com,Male,119.89.9.61
444,Trumann,Burrage,tburragecb@hexun.com,Male,245.226.94.179
445,Bjorn,Bunstone,bbunstonecc@hao123.com,Male,48.213.75.83
446,Janel,Dunkley,jdunkleycd@theatlantic.com,Female,9.82.12.115
447,Timmie,Risbridge,trisbridgece@123-reg.co.uk,Female,86.187.25.130
448,Audrey,Sigert,asigertcf@smugmug.com,Female,154.113.102.62
449,Mellie,Camock,mcamockcg@drupal.org,Female,33.135.10.190
450,Morganne,Jimes,mjimesch@rakuten.co.jp,Female,55.190.185.72
451,Tonia,Philippon,tphilipponci@auda.org.au,Female,71.156.47.226
452,Dalli,Tuddall,dtuddallcj@mtv.com,Male,159.216.126.201
453,Shaine,North,snorthck@pagesperso-orange.fr,Female,43.5.76.244
454,Greta,Bambra,gbambracl@vimeo.com,Female,100.236.206.24
455,Welbie,Genery,wgenerycm@exblog.jp,Male,226.93.126.82
456,Reeta,Artindale,rartindalecn@netvibes.com,Female,109.130.101.167
457,Duke,Duffin,dduffinco@mysql.com,Male,85.91.185.181
458,Osborne,Lieber,oliebercp@go.com,Male,53.204.168.144
459,Gwen,Tschierasche,gtschieraschecq@tmall.com,Female,203.102.26.168
460,Oliver,Hexter,ohextercr@toplist.cz,Male,66.72.236.119
461,Marieann,Howis,mhowiscs@springer.com,Female,154.157.223.85
462,Breanne,Hoyte,bhoytect@com.com,Female,12.18.181.74
463,Pattie,Myles,pmylescu@soup.io,Male,193.30.139.26
464,Ara,Stiles,astilescv@cnbc.com,Male,184.91.58.124
465,Rawley,Leonarde,rleonardecw@wikipedia.org,Male,180.102.8.214
466,Towny,Pavese,tpavesecx@so-net.ne.jp,Male,212.201.75.128
467,Kaine,Ramme,krammecy@domainmarket.com,Male,53.61.33.36
468,Padriac,Durrell,pdurrellcz@cbslocal.com,Male,178.144.60.219
469,Elvina,Frosdick,efrosdickd0@sciencedaily.com,Female,235.44.188.87
470,Ailey,Berriball,aberriballd1@opensource.org,Female,26.22.68.184
471,Tomkin,Balderstone,tbalderstoned2@wired.com,Male,105.208.38.27
472,Lem,Crommett,lcrommettd3@samsung.com,Male,15.136.104.102
473,Edvard,Turvie,eturvied4@fotki.com,Male,128.155.249.158
474,Alberto,Cadagan,acadagand5@dot.gov,Male,13.171.73.104
475,Dolorita,Terne,dterned6@paypal.com,Female,143.56.232.251
476,Mar,Bleacher,mbleacherd7@symantec.com,Male,227.137.60.228
477,Barron,Pykerman,bpykermand8@lulu.com,Male,7.101.227.84
478,Allistir,Scullin,ascullind9@amazonaws.com,Male,116.121.122.237
479,Korie,Keddey,kkeddeyda@usa.gov,Female,43.246.232.151
480,Garvy,Le Gall,glegalldb@digg.com,Male,248.227.26.188
481,Edmund,Russon,erussondc@nydailynews.com,Male,108.81.185.174
482,Waylon,Rawcliffe,wrawcliffedd@prnewswire.com,Male,104.40.173.21
483,Maury,Maria,mmariade@go.com,Male,0.174.34.110
484,Sherri,Burthom,sburthomdf@t.co,Female,7.103.226.25
485,Sula,Foyston,sfoystondg@dell.com,Female,179.98.55.190
486,Adria,Broady,abroadydh@ihg.com,Female,52.74.24.232
487,Tamarah,Carsey,tcarseydi@fastcompany.com,Female,92.169.108.230
488,Coletta,MacSorley,cmacsorleydj@samsung.com,Female,176.242.169.221
489,Deb,Maase,dmaasedk@networksolutions.com,Female,62.108.28.138
490,Brit,Ebben,bebbendl@reverbnation.com,Female,192.191.153.200
491,Gizela,Elcoate,gelcoatedm@theatlantic.com,Female,170.3.179.175
492,Ferris,Croome,fcroomedn@hatena.ne.jp,Male,23.89.133.40
493,Marlo,Scotsbrook,mscotsbrookdo@joomla.org,Female,243.172.70.4
494,Reginald,Ivory,rivorydp@instagram.com,Male,182.119.4.233
495,Silvan,Midghall,smidghalldq@mail.ru,Male,62.165.56.228
496,Latia,Brickdale,lbrickdaledr@deviantart.com,Female,68.6.74.194
497,Bay,Hoyt,bhoytds@pbs.org,Male,91.79.76.174
498,Thadeus,Lulham,tlulhamdt@icio.us,Male,174.57.206.249
499,Johanna,Varga,jvargadu@indiatimes.com,Female,51.88.158.229
500,Ralf,Goundry,rgoundrydv@barnesandnoble.com,Male,9.127.35.251
501,Doris,Fearns,dfearnsdw@nhs.uk,Female,240.201.150.185
502,Lisbeth,Kennon,lkennondx@exblog.jp,Female,202.77.185.33
503,Brear,Cawthron,bcawthrondy@census.gov,Female,113.40.210.77
504,Dilan,Dampney,ddampneydz@gnu.org,Male,190.164.93.76
505,Julian,Ditter,jdittere0@mysql.com,Male,25.93.36.212
506,Leese,Wilkerson,lwilkersone1@homestead.com,Female,10.140.38.39
507,Gwenni,Huleatt,ghuleatte2@blog.com,Female,69.255.11.196
508,Frannie,Sodory,fsodorye3@oaic.gov.au,Female,238.120.254.132
509,Anthiathia,Seabon,aseabone4@freewebs.com,Female,96.54.77.235
510,Donelle,Furse,dfursee5@hatena.ne.jp,Female,166.244.68.157
511,Maddalena,Bediss,mbedisse6@geocities.jp,Female,145.89.26.16
512,Aubrey,Theml,athemle7@xinhuanet.com,Female,150.235.113.194
513,Creigh,Chasle,cchaslee8@pagesperso-orange.fr,Male,141.249.45.57
514,Maurise,Tatters,mtatterse9@bbb.org,Female,106.59.102.185
515,Jethro,Goggins,jgogginsea@oakley.com,Male,218.153.159.141
516,Cher,Skates,cskateseb@chron.com,Female,59.240.113.121
517,Keenan,Pilcher,kpilcherec@redcross.org,Male,109.20.177.251
518,Gino,Fluin,gfluined@so-net.ne.jp,Male,8.68.244.189
519,Kingston,Elliss,kellissee@ameblo.jp,Male,6.172.54.124
520,Conan,Chimenti,cchimentief@drupal.org,Male,217.49.228.230
521,Gertrudis,Walenta,gwalentaeg@weebly.com,Female,62.81.109.42
522,Claudius,McGougan,cmcgouganeh@studiopress.com,Male,182.103.4.17
523,Zaneta,Gavaran,zgavaranei@cocolog-nifty.com,Female,133.160.196.14
524,Tracey,Belleny,tbellenyej@mozilla.org,Male,23.233.109.139
525,Cordi,Mackerness,cmackernessek@vkontakte.ru,Female,253.180.229.123
526,Winny,Boch,wbochel@constantcontact.com,Female,114.225.31.233
527,Manya,Du Hamel,mduhamelem@diigo.com,Female,134.163.38.167
528,Stanly,Rodolfi,srodolfien@symantec.com,Male,200.191.36.1
529,Carmon,Helwig,chelwigeo@wikia.com,Female,180.34.83.208
530,Elka,Eberlein,eeberleinep@phpbb.com,Female,231.166.52.219
531,Rutherford,Cuseick,rcuseickeq@google.fr,Male,167.236.220.79
532,Brose,Forbes,bforbeser@icq.com,Male,94.194.49.208
533,Susanetta,Delacote,sdelacotees@oracle.com,Female,146.176.176.220
534,Graehme,Chatfield,gchatfieldet@spotify.com,Male,98.136.224.10
535,Jasmine,Creagh,jcreagheu@stumbleupon.com,Female,209.79.145.186
536,Forrester,Klimpt,fklimptev@zdnet.com,Male,112.142.232.243
537,Gwenny,Narramor,gnarramorew@dyndns.org,Female,94.221.150.10
538,Martie,Esposito,mespositoex@vk.com,Male,12.31.95.124
539,Betta,Nevinson,bnevinsoney@reference.com,Female,62.9.94.2
540,Wain,Whetson,wwhetsonez@ow.ly,Male,130.41.101.16
541,Venita,Arlott,varlottf0@google.com.hk,Female,246.66.44.187
542,Sisile,Cubberley,scubberleyf1@csmonitor.com,Female,218.15.200.60
543,Agustin,Dikelin,adikelinf2@digg.com,Male,20.136.103.0
544,Tobit,Spary,tsparyf3@cbslocal.com,Male,235.252.114.139
545,Karylin,Pordall,kpordallf4@themeforest.net,Female,93.73.141.237
546,Kanya,Neville,knevillef5@sciencedirect.com,Female,96.229.236.163
547,Jolyn,MacIlriach,jmacilriachf6@123-reg.co.uk,Female,122.6.64.249
548,Shermie,Conrard,sconrardf7@gov.uk,Male,168.209.199.200
549,Mortie,Fendlow,mfendlowf8@newsvine.com,Male,14.197.71.57
550,Elias,Sellick,esellickf9@paginegialle.it,Male,138.198.183.71
551,Editha,Drakes,edrakesfa@google.es,Female,86.166.206.90
552,Ruddy,Behnecke,rbehneckefb@qq.com,Male,157.163.233.139
553,Halsy,Maud,hmaudfc@wired.com,Male,116.116.170.5
554,Rosemaria,Neaverson,rneaversonfd@dot.gov,Female,71.42.255.221
555,Frank,Pickup,fpickupfe@soundcloud.com,Male,28.178.158.161
556,Bearnard,Cockhill,bcockhillff@hhs.gov,Male,19.249.186.176
557,Hoyt,O'Dowd,hodowdfg@about.me,Male,107.44.14.23
558,Blisse,Jellicorse,bjellicorsefh@163.com,Female,43.120.183.76
559,Travers,Hatliffe,thatliffefi@hubpages.com,Male,182.96.133.159
560,Hadley,Haslum,hhaslumfj@miitbeian.gov.cn,Male,48.109.128.171
561,Sigmund,Aitcheson,saitchesonfk@wisc.edu,Male,140.21.193.69
562,Grove,Rodwell,grodwellfl@miibeian.gov.cn,Male,194.236.60.50
563,Oliviero,McCathie,omccathiefm@ebay.com,Male,74.235.91.219
564,Thomas,Pingston,tpingstonfn@oakley.com,Male,223.162.18.165
565,Sherlocke,Jeves,sjevesfo@tinypic.com,Male,225.16.253.17
566,Tannie,Trees,ttreesfp@businessweek.com,Male,130.22.14.120
567,Clarinda,Penvarne,cpenvarnefq@mac.com,Female,20.207.126.139
568,Nanon,MacIllrick,nmacillrickfr@usa.gov,Female,224.190.110.116
569,Marsh,Bentjens,mbentjensfs@psu.edu,Male,201.160.13.242
570,Cynthy,Duffill,cduffillft@qq.com,Female,110.228.137.149
571,Oliy,Shewery,osheweryfu@csmonitor.com,Female,189.38.68.115
572,Krishnah,Henkens,khenkensfv@naver.com,Male,205.102.155.47
573,Roderich,Suggitt,rsuggittfw@scientificamerican.com,Male,98.12.132.104
574,Currie,Dearl,cdearlfx@histats.com,Male,83.180.133.212
575,Thayne,Mathieu,tmathieufy@pbs.org,Male,98.76.4.124
576,Eleanor,Benka,ebenkafz@hubpages.com,Female,250.177.147.238
577,Reade,Tomei,rtomeig0@taobao.com,Male,221.87.172.197
578,Eli,Teenan,eteenang1@patch.com,Male,210.131.197.73
579,Frasquito,Vye,fvyeg2@yolasite.com,Male,121.107.181.183
580,Christos,Stutter,cstutterg3@sitemeter.com,Male,145.119.95.116
581,Arel,Gleeton,agleetong4@cnbc.com,Male,159.93.209.253
582,Lavina,Matuszkiewicz,lmatuszkiewiczg5@nyu.edu,Female,32.65.133.193
583,Brana,Monget,bmongetg6@nytimes.com,Female,177.220.0.4
584,Maryanna,Taggart,mtaggartg7@ucoz.ru,Female,62.195.238.124
585,Adams,Bellhouse,abellhouseg8@usgs.gov,Male,240.143.90.2
586,Addy,Fuentez,afuentezg9@eepurl.com,Male,199.172.137.239
587,Murdoch,Crudgington,mcrudgingtonga@1und1.de,Male,163.160.234.16
588,Pearle,Devinn,pdevinngb@eventbrite.com,Female,68.125.86.165
589,Halli,Forsdicke,hforsdickegc@walmart.com,Female,118.60.233.211
590,Amaleta,Monnery,amonnerygd@themeforest.net,Female,144.101.226.108
591,Verile,Sidon,vsidonge@yandex.ru,Female,72.163.175.212
592,Jose,Oley,joleygf@globo.com,Male,30.174.142.49
593,Shell,Tacey,staceygg@economist.com,Female,8.53.111.89
594,Brooks,Deakes,bdeakesgh@networksolutions.com,Female,64.175.4.12
595,Avigdor,Greenin,agreeningi@disqus.com,Male,222.101.51.239
596,Artur,Snowman,asnowmangj@imdb.com,Male,105.8.45.80
597,Karel,Tyrone,ktyronegk@rakuten.co.jp,Male,38.247.97.123
598,Lyndy,Sinnott,lsinnottgl@fema.gov,Female,137.189.218.198
599,Aryn,Johansen,ajohansengm@google.ru,Female,97.167.152.196
600,Alberik,Togwell,atogwellgn@lulu.com,Male,225.15.73.55
601,Morrie,Vedeshkin,mvedeshkingo@arizona.edu,Male,126.14.120.125
602,Kahlil,Bonwick,kbonwickgp@freewebs.com,Male,152.71.199.105
603,Hagen,Kliner,hklinergq@epa.gov,Male,248.135.39.58
604,Madelina,Leward,mlewardgr@mediafire.com,Female,78.18.167.26
605,Dosi,O'Toole,dotoolegs@mozilla.com,Female,240.210.63.63
606,Tad,Maulin,tmaulingt@bravesites.com,Male,15.7.174.6
607,Sharai,Perfili,sperfiligu@ed.gov,Female,113.219.19.182
608,Harri,Staveley,hstaveleygv@ftc.gov,Female,248.46.201.189
609,Harbert,Bartlam,hbartlamgw@ebay.co.uk,Male,237.231.71.126
610,Urbanus,Binning,ubinninggx@businessinsider.com,Male,62.150.133.59
611,Galen,Posthill,gposthillgy@thetimes.co.uk,Male,128.87.121.169
612,Ruddie,Waddilow,rwaddilowgz@gnu.org,Male,43.246.89.141
613,Daren,Astles,dastlesh0@scientificamerican.com,Male,34.7.34.152
614,Karin,Barroux,kbarrouxh1@networkadvertising.org,Female,182.174.169.231
615,Anjanette,Bedboro,abedboroh2@icq.com,Female,36.217.120.99
616,Rennie,Decruse,rdecruseh3@posterous.com,Female,241.28.223.113
617,Georgi,Rawstorne,grawstorneh4@state.tx.us,Male,215.181.88.57
618,Maudie,Emma,memmah5@blogspot.com,Female,184.82.84.100
619,Julina,Mayling,jmaylingh6@blogspot.com,Female,150.181.148.138
620,Pier,Ropert,properth7@exblog.jp,Female,126.98.200.211
621,Dane,Kunzler,dkunzlerh8@123-reg.co.uk,Male,186.135.206.55
622,Caron,Ellison,cellisonh9@cdc.gov,Female,245.189.166.40
623,Taylor,Silverson,tsilversonha@npr.org,Male,240.195.71.214
624,Reed,Aldgate,raldgatehb@1und1.de,Male,150.243.148.96
625,Lindsey,Frew,lfrewhc@spiegel.de,Female,164.75.181.46
626,Everard,Broadley,ebroadleyhd@soundcloud.com,Male,55.111.146.141
627,Kurtis,Garrelts,kgarreltshe@netscape.com,Male,24.156.234.23
628,Callean,O' Dooley,codooleyhf@irs.gov,Male,10.165.14.105
629,Charleen,Preedy,cpreedyhg@npr.org,Female,178.93.204.43
630,Brenden,Nozzolinii,bnozzoliniihh@kickstarter.com,Male,96.237.33.187
631,Kathy,Langhorne,klanghornehi@shareasale.com,Female,130.170.129.198
632,Ruben,Aves,raveshj@dion.ne.jp,Male,57.217.27.47
633,Rosamund,Creser,rcreserhk@earthlink.net,Female,112.214.71.102
634,Fallon,Borland,fborlandhl@bigcartel.com,Female,108.119.13.152
635,Davine,Langtree,dlangtreehm@sakura.ne.jp,Female,112.4.255.78
636,Nickolai,Klempke,nklempkehn@github.io,Male,216.119.152.203
637,Glyn,Bransby,gbransbyho@marketwatch.com,Male,54.153.194.245
638,Mignon,Clemoes,mclemoeshp@accuweather.com,Female,210.244.201.50
639,Emmanuel,Finlayson,efinlaysonhq@geocities.jp,Male,203.163.11.105
640,Fayina,Mauger,fmaugerhr@kickstarter.com,Female,5.83.149.204
641,Alejandro,Nuzzti,anuzztihs@unblog.fr,Male,190.4.90.133
642,Keenan,Cleobury,kcleoburyht@prweb.com,Male,248.219.235.88
643,Winona,Atthowe,watthowehu@chron.com,Female,62.21.226.245
644,Kermy,Eaglen,keaglenhv@rambler.ru,Male,123.120.150.191
645,Editha,Waldera,ewalderahw@sina.com.cn,Female,80.19.43.178
646,Kira,Angier,kangierhx@reference.com,Female,203.51.189.240
647,Lura,Kenderdine,lkenderdinehy@blog.com,Female,252.165.116.37
648,Shurlocke,Elcum,selcumhz@alibaba.com,Male,255.7.223.2
649,Laurie,Gillani,lgillanii0@thetimes.co.uk,Female,245.187.78.27
650,Nev,Cutajar,ncutajari1@devhub.com,Male,193.128.249.60
651,Brita,Shervington,bshervingtoni2@cbslocal.com,Female,9.53.34.44
652,Kenn,Jellings,kjellingsi3@usa.gov,Male,39.48.56.156
653,Grenville,Knatt,gknatti4@reference.com,Male,224.23.25.47
654,Cherye,Adamovich,cadamovichi5@google.com.au,Female,152.168.181.87
655,Rhoda,Lillie,rlilliei6@epa.gov,Female,19.92.245.51
656,Georgetta,Garlic,ggarlici7@sbwire.com,Female,105.51.160.13
657,Goddard,Brissard,gbrissardi8@symantec.com,Male,186.42.93.104
658,Ferdie,Dearness,fdearnessi9@vimeo.com,Male,198.1.114.29
659,Griffie,Trumper,gtrumperia@zimbio.com,Male,195.248.255.247
660,Dody,Liddall,dliddallib@miitbeian.gov.cn,Female,104.240.53.34
661,Anthia,Nyssen,anyssenic@blogs.com,Female,154.44.181.173
662,Olivia,Henstone,ohenstoneid@spiegel.de,Female,100.216.95.37
663,Dick,Lillecrop,dlillecropie@java.com,Male,244.244.91.150
664,Cal,Aspray,casprayif@baidu.com,Male,241.234.207.63
665,Upton,Gage,ugageig@wikispaces.com,Male,187.84.191.153
666,Barny,Swainston,bswainstonih@livejournal.com,Male,181.117.152.91
667,Durand,Cantopher,dcantopherii@pagesperso-orange.fr,Male,208.2.233.42
668,Sean,Bazelle,sbazelleij@bing.com,Female,188.92.89.64
669,Steve,Causbey,scausbeyik@lycos.com,Male,27.160.163.77
670,Cosme,Cavanagh,ccavanaghil@weather.com,Male,159.105.248.9
671,Zeke,Moncreiffe,zmoncreiffeim@cargocollective.com,Male,107.246.56.25
672,Oralia,Armand,oarmandin@barnesandnoble.com,Female,92.114.115.30
673,Kaylyn,Perigeaux,kperigeauxio@loc.gov,Female,95.136.43.81
674,Minnaminnie,Fosken,mfoskenip@independent.co.uk,Female,38.174.122.212
675,Hardy,Baythrop,hbaythropiq@dell.com,Male,224.138.85.44
676,Thurstan,Stilgo,tstilgoir@cam.ac.uk,Male,163.17.3.235
677,Tybi,Huckle,thuckleis@i2i.jp,Female,248.87.86.151
678,Lonnie,Everington,leveringtonit@studiopress.com,Male,207.162.131.145
679,Etty,Sterrick,esterrickiu@behance.net,Female,250.113.168.142
680,Harper,Notton,hnottoniv@phoca.cz,Male,33.76.214.46
681,Sheff,Moutray Read,smoutrayreadiw@nih.gov,Male,190.13.8.239
682,Candy,Hember,chemberix@linkedin.com,Female,230.113.81.168
683,Meta,McCaughren,mmccaughreniy@cloudflare.com,Female,241.7.144.138
684,Olia,Copas,ocopasiz@prlog.org,Female,28.244.10.141
685,Johnny,Hynard,jhynardj0@blogtalkradio.com,Male,118.66.222.141
686,Ellissa,Ainsby,eainsbyj1@fema.gov,Female,97.95.40.42
687,Alys,Lillico,alillicoj2@trellian.com,Female,114.145.75.128
688,Arda,Scogings,ascogingsj3@booking.com,Female,184.157.238.197
689,Jecho,O'Fallowne,jofallownej4@weather.com,Male,8.206.141.29
690,Malynda,Ilyunin,milyuninj5@oakley.com,Female,214.86.44.82
691,Liliane,Hawler,lhawlerj6@ucsd.edu,Female,76.58.68.173
692,Belinda,Senett,bsenettj7@tumblr.com,Female,243.250.78.3
693,Michal,Gymblett,mgymblettj8@geocities.jp,Male,102.79.75.173
694,Patricio,Hulks,phulksj9@imgur.com,Male,253.196.170.143
695,Raffarty,Beddin,rbeddinja@nature.com,Male,84.143.2.2
696,Martin,Castanie,mcastaniejb@abc.net.au,Male,168.224.153.104
697,Wilmette,Lackney,wlackneyjc@instagram.com,Female,93.115.155.154
698,Daisi,Grouer,dgrouerjd@tmall.com,Female,202.56.37.105
699,Greer,Cadany,gcadanyje@soup.io,Female,115.120.68.208
700,Pavel,Woodger,pwoodgerjf@imgur.com,Male,8.226.50.224
701,Eugenius,Andryunin,eandryuninjg@fc2.com,Male,26.89.96.200
702,Kathrine,Kall,kkalljh@youtu.be,Female,157.85.9.168
703,Renell,Comberbeach,rcomberbeachji@cam.ac.uk,Female,81.193.121.232
704,Ricki,Gobolos,rgobolosjj@elegantthemes.com,Female,187.181.202.26
705,Lian,Uttermare,luttermarejk@webmd.com,Female,215.86.51.247
706,Zachary,Underwood,zunderwoodjl@whitehouse.gov,Male,238.69.123.28
707,Aggi,Fowden,afowdenjm@bigcartel.com,Female,219.155.200.4
708,Nicky,Dachey,ndacheyjn@drupal.org,Female,53.15.192.49
709,Anissa,Hilliam,ahilliamjo@columbia.edu,Female,47.29.9.138
710,Wally,Rosenthal,wrosenthaljp@printfriendly.com,Female,67.227.157.195
711,Gilemette,Prime,gprimejq@webeden.co.uk,Female,219.42.79.119
712,Yardley,Bolt,yboltjr@dagondesign.com,Male,101.51.50.59
713,Abdel,Woodwind,awoodwindjs@sohu.com,Male,1.201.173.81
714,Louis,Edie,lediejt@rakuten.co.jp,Male,194.116.233.143
715,Marj,Last,mlastju@amazon.de,Female,63.255.71.166
716,Conrade,Bilyard,cbilyardjv@discovery.com,Male,12.198.15.138
717,Haze,De Blasio,hdeblasiojw@freewebs.com,Male,18.146.165.12
718,Etan,Oldroyde,eoldroydejx@admin.ch,Male,83.185.191.59
719,Ruttger,Chaize,rchaizejy@webeden.co.uk,Male,114.163.210.126
720,Claire,Neave,cneavejz@imageshack.us,Female,16.184.45.52
721,Garold,Pouck,gpouckk0@ycombinator.com,Male,226.243.216.178
722,Leonid,Twaits,ltwaitsk1@pbs.org,Male,51.39.183.66
723,Maurita,Slyman,mslymank2@paginegialle.it,Female,41.70.98.199
724,Nichols,Lillistone,nlillistonek3@noaa.gov,Male,68.9.208.91
725,Sarina,Ellingsworth,sellingsworthk4@amazon.co.jp,Female,27.184.140.231
726,Micheil,Pierton,mpiertonk5@cyberchimps.com,Male,150.211.8.236
727,Rolfe,Groucutt,rgroucuttk6@goodreads.com,Male,148.10.49.107
728,Peta,Rappport,prappportk7@elegantthemes.com,Female,118.130.236.147
729,Eduard,Spuner,espunerk8@yale.edu,Male,234.166.172.90
730,Mignon,Autin,mautink9@ebay.com,Female,85.177.42.62
731,Franny,Goeff,fgoeffka@utexas.edu,Female,142.53.186.187
732,Carlos,Kunat,ckunatkb@adobe.com,Male,151.199.158.18
733,Ivett,Antoniak,iantoniakkc@spiegel.de,Female,252.219.153.166
734,Sarine,Kitchingham,skitchinghamkd@unc.edu,Female,47.197.236.152
735,Rebeka,Cullnean,rcullneanke@addtoany.com,Female,170.199.0.100
736,Daven,Goozee,dgoozeekf@narod.ru,Male,172.3.132.166
737,Freddy,Brave,fbravekg@arstechnica.com,Male,147.62.24.167
738,Myrtice,Freddi,mfreddikh@archive.org,Female,201.97.50.81
739,Camila,Rusted,crustedki@europa.eu,Female,224.65.20.254
740,Jeannine,Whiteford,jwhitefordkj@wikimedia.org,Female,89.220.104.126
741,Dara,Laxon,dlaxonkk@skype.com,Female,86.214.183.34
742,Marlee,Lucus,mlucuskl@tiny.cc,Female,137.197.209.58
743,Davis,Normabell,dnormabellkm@aol.com,Male,137.226.86.219
744,Scott,Brine,sbrinekn@senate.gov,Male,253.185.82.229
745,Shawn,Crosskell,scrosskellko@merriam-webster.com,Male,120.216.212.184
746,Elmer,Dunnett,edunnettkp@surveymonkey.com,Male,221.157.173.88
747,Morissa,Toplin,mtoplinkq@chicagotribune.com,Female,236.78.185.207
748,Bendicty,Spering,bsperingkr@apache.org,Male,67.18.1.228
749,Andrea,Tierny,atiernyks@t.co,Male,246.222.65.159
750,Erv,Nevett,enevettkt@gravatar.com,Male,214.73.94.16
751,Lenci,Annets,lannetsku@delicious.com,Male,47.144.184.43
752,Aristotle,Housam,ahousamkv@theatlantic.com,Male,97.121.208.33
753,Robinson,Horlock,rhorlockkw@merriam-webster.com,Male,81.138.63.43
754,Almeria,Knights,aknightskx@kickstarter.com,Female,151.121.106.43
755,Kristopher,Chopy,kchopyky@lulu.com,Male,145.192.31.47
756,Rivkah,Babington,rbabingtonkz@shutterfly.com,Female,65.190.127.30
757,Shannon,Gosnall,sgosnalll0@prnewswire.com,Male,36.186.213.175
758,Farleigh,Jansema,fjansemal1@pinterest.com,Male,242.74.180.143
759,Timmie,Danilovich,tdanilovichl2@blogtalkradio.com,Male,35.97.18.65
760,Faina,Easdon,feasdonl3@example.com,Female,124.48.39.23
761,Chandra,Youthed,cyouthedl4@businessinsider.com,Female,89.229.185.111
762,Francois,Keep,fkeepl5@a8.net,Male,2.93.147.181
763,Juline,Ogg,joggl6@yolasite.com,Female,94.98.49.242
764,Gregg,Dorsey,gdorseyl7@wikia.com,Male,189.171.202.134
765,Jennie,Gerwood,jgerwoodl8@dagondesign.com,Female,94.184.160.242
766,Floyd,Goodanew,fgoodanewl9@studiopress.com,Male,64.84.85.71
767,Brady,Denzey,bdenzeyla@ted.com,Male,75.146.80.2
768,Hervey,Besemer,hbesemerlb@studiopress.com,Male,98.61.109.245
769,Carver,Sine,csinelc@sciencedaily.com,Male,156.54.55.201
770,Hakeem,Holdforth,hholdforthld@php.net,Male,125.72.134.19
771,Edlin,Piddletown,epiddletownle@over-blog.com,Male,58.226.136.40
772,Frederique,Hegdonne,fhegdonnelf@surveymonkey.com,Female,221.102.74.253
773,Corby,Maun,cmaunlg@discuz.net,Male,64.122.174.7
774,Dion,Banbridge,dbanbridgelh@meetup.com,Female,254.170.65.135
775,Chaunce,Lamas,clamasli@cyberchimps.com,Male,182.17.158.92
776,Rici,Shankle,rshanklelj@ocn.ne.jp,Female,145.204.189.180
777,Simon,Trimby,strimbylk@redcross.org,Male,109.152.162.2
778,Kimbell,Garriock,kgarriockll@linkedin.com,Male,63.201.160.66
779,Hanson,Patroni,hpatronilm@google.ca,Male,72.73.7.84
780,Layne,Tyreman,ltyremanln@bing.com,Female,105.64.50.16
781,Rafaelia,Anetts,ranettslo@goo.ne.jp,Female,61.75.238.199
782,Karissa,Lowden,klowdenlp@disqus.com,Female,1.124.244.95
783,Sergio,Gosalvez,sgosalvezlq@mozilla.com,Male,154.117.235.157
784,Rozalin,Waliszek,rwaliszeklr@xinhuanet.com,Female,32.135.155.89
785,Herold,Fuller,hfullerls@webeden.co.uk,Male,233.145.131.248
786,Barby,Fidock,bfidocklt@ask.com,Female,227.155.154.188
787,Pancho,Middlehurst,pmiddlehurstlu@sohu.com,Male,170.37.186.82
788,Grantham,Softley,gsoftleylv@comcast.net,Male,101.135.216.250
789,Susann,Reditt,sredittlw@sbwire.com,Female,48.255.159.218
790,Ofelia,Skelcher,oskelcherlx@prweb.com,Female,2.240.174.61
791,Clyde,Hugnin,chugninly@yale.edu,Male,93.53.68.218
792,Lynnet,Whetland,lwhetlandlz@paginegialle.it,Female,43.132.207.21
793,Adelaide,Twentyman,atwentymanm0@51.la,Female,159.67.60.162
794,Hyacintha,Winkett,hwinkettm1@typepad.com,Female,176.135.143.49
795,Rochelle,Zambon,rzambonm2@t.co,Female,194.68.62.69
796,Gayler,Flaunders,gflaundersm3@arizona.edu,Male,151.195.7.83
797,Dory,Durnford,ddurnfordm4@lulu.com,Female,60.229.241.42
798,Tadd,Syres,tsyresm5@de.vu,Male,184.206.179.69
799,Karlotta,Reston,krestonm6@prnewswire.com,Female,237.156.0.119
800,Egbert,Barts,ebartsm7@quantcast.com,Male,202.68.201.132
801,Abey,Goldsberry,agoldsberrym8@yandex.ru,Male,34.179.37.194
802,Traver,Zukierman,tzukiermanm9@de.vu,Male,161.97.70.237
803,Tome,Riceards,triceardsma@bbc.co.uk,Male,5.198.226.50
804,Chlo,Zelland,czellandmb@multiply.com,Female,29.127.188.174
805,Keelby,Barnewille,kbarnewillemc@google.com,Male,15.62.33.119
806,Clarabelle,Chess,cchessmd@techcrunch.com,Female,50.72.168.166
807,Natalee,Gerauld,ngerauldme@phoca.cz,Female,89.171.109.120
808,Ferdinanda,Wastling,fwastlingmf@chron.com,Female,63.52.22.237
809,Loleta,Sarten,lsartenmg@mit.edu,Female,73.97.185.233
810,Tiebout,Eakeley,teakeleymh@altervista.org,Male,161.225.192.118
811,Boniface,Organer,borganermi@ask.com,Male,253.85.190.73
812,Howie,Mungham,hmunghammj@netlog.com,Male,17.46.229.198
813,Mario,Hastwall,mhastwallmk@so-net.ne.jp,Male,199.191.54.226
814,Harry,Newburn,hnewburnml@ucoz.com,Male,150.218.237.104
815,Barthel,Jozef,bjozefmm@tripod.com,Male,101.179.150.158
816,Wandis,Bairnsfather,wbairnsfathermn@usda.gov,Female,174.60.70.142
817,Cyndie,De Dei,cdedeimo@sohu.com,Female,185.84.77.235
818,Bernhard,Beddingham,bbeddinghammp@ebay.com,Male,91.250.86.215
819,Hewie,Samme,hsammemq@amazonaws.com,Male,161.153.179.207
820,Loren,Peltzer,lpeltzermr@weather.com,Male,178.23.186.143
821,Delphine,Amorts,damortsms@themeforest.net,Female,153.1.109.228
822,Trudi,Portis,tportismt@ezinearticles.com,Female,203.46.216.76
823,Sue,Greser,sgresermu@fotki.com,Female,155.243.210.248
824,Leonhard,Chatband,lchatbandmv@hugedomains.com,Male,104.241.116.211
825,Jodi,Tukesby,jtukesbymw@e-recht24.de,Male,226.89.180.254
826,Claudell,Copner,ccopnermx@cnbc.com,Male,90.224.180.209
827,Guillemette,Ratchford,gratchfordmy@who.int,Female,20.245.41.254
828,Jens,Stihl,jstihlmz@go.com,Male,90.206.151.176
829,Ange,Dilon,adilonn0@washington.edu,Female,46.250.56.172
830,Dody,Gambles,dgamblesn1@businessweek.com,Female,97.120.1.37
831,Elwyn,Pettifer,epettifern2@exblog.jp,Male,232.151.102.89
832,Kimmi,Pahl,kpahln3@latimes.com,Female,64.75.166.2
833,Ruprecht,Toffolo,rtoffolon4@github.io,Male,240.245.185.211
834,Curtice,Colleymore,ccolleymoren5@mysql.com,Male,63.101.229.230
835,Zacherie,Gosden,zgosdenn6@com.com,Male,246.61.184.37
836,Seumas,De La Hay,sdelahayn7@reuters.com,Male,50.231.39.83
837,Brandice,Pigrome,bpigromen8@tumblr.com,Female,18.4.190.219
838,Klarika,Wedon,kwedonn9@vinaora.com,Female,57.175.192.33
839,Tasia,O'Heagertie,toheagertiena@studiopress.com,Female,42.153.183.121
840,Keefe,Knewstub,kknewstubnb@eepurl.com,Male,120.173.211.153
841,Ivan,Olford,iolfordnc@theglobeandmail.com,Male,207.214.150.35
842,Borden,Lydden,blyddennd@dailymotion.com,Male,40.190.199.15
843,Julianne,Poznan,jpoznanne@mac.com,Female,46.147.58.134
844,Dore,Curbishley,dcurbishleynf@yandex.ru,Male,33.184.69.168
845,Cal,Enriques,cenriquesng@nih.gov,Male,136.140.252.67
846,Barde,Durban,bdurbannh@narod.ru,Male,8.20.104.62
847,Munmro,Sherwood,msherwoodni@icq.com,Male,116.170.235.1
848,Maxi,Rimbault,mrimbaultnj@dagondesign.com,Female,147.183.48.122
849,Abbe,Hadeke,ahadekenk@delicious.com,Male,56.23.155.4
850,Ganny,Cardoo,gcardoonl@tripod.com,Male,170.62.206.135
851,Ross,Fitch,rfitchnm@sakura.ne.jp,Male,210.149.59.5
852,Rhea,Cornillot,rcornillotnn@google.com.au,Female,154.90.129.145
853,Charline,Rock,crockno@devhub.com,Female,143.238.130.70
854,Armstrong,Mistry,amistrynp@ucoz.ru,Male,202.156.255.196
855,Darnell,Honywill,dhonywillnq@storify.com,Male,177.225.209.115
856,Katherine,Schlagman,kschlagmannr@pen.io,Female,35.83.117.117
857,Dorothee,Glyssanne,dglyssannens@rambler.ru,Female,218.76.249.208
858,Kalvin,Trosdall,ktrosdallnt@soup.io,Male,54.29.132.186
859,Hetti,Sammut,hsammutnu@trellian.com,Female,167.106.148.183
860,Alvan,Avrahamy,aavrahamynv@chron.com,Male,182.200.255.75
861,Jakob,O' Neligan,joneligannw@house.gov,Male,164.250.132.166
862,Iorgo,Wildish,iwildishnx@pbs.org,Male,200.80.72.26
863,Nicoli,Grahame,ngrahameny@wsj.com,Female,106.16.125.55
864,Celisse,Kaemena,ckaemenanz@woothemes.com,Female,46.18.101.43
865,Lyssa,Jorin,ljorino0@webmd.com,Female,74.42.140.246
866,Wally,Pitway,wpitwayo1@go.com,Female,1.44.14.37
867,Martyn,Cabel,mcabelo2@reddit.com,Male,224.59.124.2
868,Petronille,Whetton,pwhettono3@globo.com,Female,16.33.146.170
869,Taffy,Ipsly,tipslyo4@accuweather.com,Female,151.176.201.40
870,Rori,Squeers,rsqueerso5@youku.com,Female,157.253.54.145
871,Marco,Carlsen,mcarlseno6@samsung.com,Male,145.178.128.103
872,Cesar,Oldroyde,coldroydeo7@myspace.com,Male,211.201.57.208
873,Fawn,Cavanaugh,fcavanaugho8@prnewswire.com,Female,124.237.235.88
874,Sallie,Wallas,swallaso9@ucoz.com,Female,209.127.35.145
875,Kendal,Joselovitch,kjoselovitchoa@ustream.tv,Male,89.16.216.58
876,Erik,McNaught,emcnaughtob@hao123.com,Male,43.53.188.131
877,Torey,Dootson,tdootsonoc@hostgator.com,Male,132.153.67.93
878,Fayette,Furmenger,ffurmengerod@usda.gov,Female,92.235.156.35
879,Torrance,Ilchuk,tilchukoe@twitpic.com,Male,161.44.173.205
880,Gustie,McLeman,gmclemanof@omniture.com,Female,240.179.155.245
881,Marcille,Quilter,mquilterog@ucoz.ru,Female,100.253.53.9
882,Garnette,Isoldi,gisoldioh@gmpg.org,Female,180.59.121.212
883,Fanny,Wooles,fwoolesoi@xing.com,Female,48.114.171.126
884,Eleanora,Hinder,ehinderoj@fotki.com,Female,236.149.84.64
885,Ainsley,Thatcham,athatchamok@sbwire.com,Female,41.232.155.30
886,Travers,Clough,tcloughol@home.pl,Male,249.94.174.122
887,Mignonne,Bennie,mbennieom@cmu.edu,Female,46.24.137.89
888,Aymer,Julien,ajulienon@desdev.cn,Male,84.130.7.207
889,Zelda,Patis,zpatisoo@arizona.edu,Female,216.5.109.101
890,Harriette,Fayter,hfayterop@webs.com,Female,219.186.205.100
891,Myra,Fitzer,mfitzeroq@tamu.edu,Female,83.113.202.69
892,Rosella,Hellyer,rhellyeror@illinois.edu,Female,104.232.86.45
893,Garry,Konig,gkonigos@china.com.cn,Male,60.176.154.0
894,Gerardo,Sharrem,gsharremot@prlog.org,Male,42.237.14.197
895,Orsola,Truckell,otruckellou@vkontakte.ru,Female,129.80.183.183
896,Rosy,Hannum,rhannumov@desdev.cn,Female,91.126.235.63
897,Corrinne,Deniso,cdenisoow@wikispaces.com,Female,189.110.73.97
898,Way,MacMechan,wmacmechanox@dailymotion.com,Male,113.53.72.249
899,Arlie,Wehner,awehneroy@accuweather.com,Female,244.31.61.189
900,Julee,Biss,jbissoz@nba.com,Female,24.210.227.140
901,Meriel,Arnauduc,marnauducp0@hostgator.com,Female,55.160.11.190
902,Vicky,Eudall,veudallp1@aboutads.info,Female,192.94.145.199
903,Ray,Ankers,rankersp2@domainmarket.com,Male,86.185.89.195
904,Cyrillus,Mecco,cmeccop3@webeden.co.uk,Male,42.147.141.145
905,Kaine,Oldcote,koldcotep4@ucla.edu,Male,212.23.8.80
906,Ashely,Novello,anovellop5@telegraph.co.uk,Female,250.14.142.5
907,Bone,Ennew,bennewp6@mapy.cz,Male,57.225.20.74
908,Padriac,Cherrett,pcherrettp7@ucoz.com,Male,231.97.213.234
909,Tommi,Bytheway,tbythewayp8@latimes.com,Female,125.199.164.236
910,Yank,Upstell,yupstellp9@nifty.com,Male,201.35.63.80
911,Willem,Maeer,wmaeerpa@a8.net,Male,166.224.250.106
912,Roby,Easter,reasterpb@china.com.cn,Female,180.95.30.111
913,Dinnie,Twiddy,dtwiddypc@hao123.com,Female,253.157.210.153
914,Wolfy,Hellmore,whellmorepd@si.edu,Male,151.255.198.28
915,Selig,Jozwicki,sjozwickipe@buzzfeed.com,Male,252.247.94.163
916,Timothea,Scarbarrow,tscarbarrowpf@nhs.uk,Female,186.146.212.141
917,Elianore,Dearle-Palser,edearlepalserpg@com.com,Female,29.27.214.203
918,Abe,Northley,anorthleyph@ftc.gov,Male,124.130.149.30
919,Jacky,Angus,janguspi@mlb.com,Male,10.91.79.177
920,Haydon,Ottee,hotteepj@google.com.br,Male,61.200.227.146
921,Freida,Nutten,fnuttenpk@domainmarket.com,Female,180.4.179.54
922,Blaine,Cadreman,bcadremanpl@psu.edu,Male,84.71.155.218
923,Eldredge,Sinden,esindenpm@newyorker.com,Male,181.75.219.41
924,Stuart,Slowly,sslowlypn@qq.com,Male,68.163.203.134
925,Rhodia,Guilayn,rguilaynpo@usgs.gov,Female,26.78.226.182
926,Nissie,Braybrook,nbraybrookpp@e-recht24.de,Female,165.240.141.134
927,Broddie,Gauntley,bgauntleypq@mit.edu,Male,74.131.176.249
928,Allina,Ingman,aingmanpr@people.com.cn,Female,109.161.237.159
929,Alvin,Scourge,ascourgeps@dailymail.co.uk,Male,9.153.48.56
930,Sidonnie,Tolotti,stolottipt@dot.gov,Female,94.176.94.110
931,Nikolaus,Sketch,nsketchpu@google.ru,Male,72.7.185.75
932,Zorana,Dowty,zdowtypv@eepurl.com,Female,82.32.230.200
933,Cassius,Magrannell,cmagrannellpw@usa.gov,Male,139.28.176.154
934,Jakob,Barlace,jbarlacepx@berkeley.edu,Male,130.68.161.41
935,Barbe,de Clercq,bdeclercqpy@howstuffworks.com,Female,185.144.229.51
936,Edik,Sankey,esankeypz@surveymonkey.com,Male,146.2.68.12
937,Welsh,Bent,wbentq0@wikipedia.org,Male,62.243.242.16
938,Roger,Tichner,rtichnerq1@gizmodo.com,Male,168.157.190.203
939,Alberto,Kenny,akennyq2@ihg.com,Male,73.145.145.171
940,Grove,Yanin,gyaninq3@narod.ru,Male,231.170.2.129
941,Ryon,Holligan,rholliganq4@google.cn,Male,233.96.169.176
942,Stanton,Burberye,sburberyeq5@mashable.com,Male,106.26.186.120
943,Dionysus,Puncher,dpuncherq6@eepurl.com,Male,209.37.74.128
944,Cristine,Couzens,ccouzensq7@psu.edu,Female,247.53.145.216
945,Kristyn,Garrigan,kgarriganq8@google.co.jp,Female,163.234.166.212
946,Billy,Cass,bcassq9@businessinsider.com,Female,107.84.188.56
947,Dukie,Mynett,dmynettqa@businessweek.com,Male,66.176.97.87
948,Merissa,Woodhouse,mwoodhouseqb@mashable.com,Female,189.66.115.143
949,Briant,Daugherty,bdaughertyqc@miitbeian.gov.cn,Male,217.22.217.45
950,Jammal,Isacq,jisacqqd@nps.gov,Male,160.236.5.92
951,Alice,Chable,achableqe@timesonline.co.uk,Female,211.16.155.58
952,Collie,Jerams,cjeramsqf@columbia.edu,Female,15.252.54.217
953,Melamie,Petras,mpetrasqg@nbcnews.com,Female,30.138.65.175
954,Hasheem,Cotte,hcotteqh@seattletimes.com,Male,108.199.152.43
955,Chilton,Colmer,ccolmerqi@whitehouse.gov,Male,14.232.68.166
956,Sharline,Baiden,sbaidenqj@answers.com,Female,201.120.50.181
957,Kelbee,Brolechan,kbrolechanqk@mtv.com,Male,160.199.230.23
958,Worden,Fazan,wfazanql@disqus.com,Male,107.106.128.204
959,Benedikt,Hatt,bhattqm@rambler.ru,Male,177.67.230.69
960,Sammy,Wooster,swoosterqn@accuweather.com,Female,70.250.109.147
961,Ingamar,Collibear,icollibearqo@howstuffworks.com,Male,192.224.51.177
962,Fitz,Ledeker,fledekerqp@ow.ly,Male,205.242.202.153
963,Wakefield,Bunford,wbunfordqq@sfgate.com,Male,17.89.107.68
964,Eugenius,Whitland,ewhitlandqr@smugmug.com,Male,5.69.242.214
965,Ida,Tripon,itriponqs@trellian.com,Female,234.12.249.95
966,Rozele,Joder,rjoderqt@mtv.com,Female,87.188.84.223
967,Mischa,Playfair,mplayfairqu@virginia.edu,Male,81.217.62.37
968,Vivianna,Robbe,vrobbeqv@state.tx.us,Female,245.187.148.45
969,Carline,Pattisson,cpattissonqw@smh.com.au,Female,26.210.71.50
970,Maitilde,Matusson,mmatussonqx@1688.com,Female,5.26.162.45
971,Ogdon,Hise,ohiseqy@cbsnews.com,Male,156.68.42.19
972,Colby,Soares,csoaresqz@discovery.com,Male,115.123.133.71
973,Torrence,Bertolin,tbertolinr0@wordpress.com,Male,18.195.184.244
974,Christel,Harston,charstonr1@java.com,Female,143.187.28.218
975,Filip,Iannini,fianninir2@virginia.edu,Male,46.73.84.88
976,Dasi,Tandy,dtandyr3@umn.edu,Female,64.51.231.166
977,Pat,Willford,pwillfordr4@ebay.com,Female,30.219.157.50
978,Oberon,Lum,olumr5@reverbnation.com,Male,214.109.127.59
979,Gar,Spowage,gspowager6@sohu.com,Male,199.12.34.130
980,Ruggiero,Colleymore,rcolleymorer7@mapquest.com,Male,136.55.125.194
981,Zelma,MacGow,zmacgowr8@wordpress.org,Female,15.85.247.247
982,Kalindi,Goodley,kgoodleyr9@unesco.org,Female,162.165.13.217
983,Jodie,Klas,jklasra@wikia.com,Male,189.2.152.72
984,Kimble,Lysons,klysonsrb@engadget.com,Male,242.131.155.245
985,Daven,Noye,dnoyerc@sakura.ne.jp,Male,114.228.80.24
986,Erv,Benduhn,ebenduhnrd@weibo.com,Male,225.46.81.173
987,Edna,Carruth,ecarruthre@ihg.com,Female,197.172.32.168
988,Delmore,Masserel,dmasserelrf@bigcartel.com,Male,74.7.120.252
989,Maddie,Dory,mdoryrg@businessweek.com,Female,141.39.94.137
990,Geoffry,Lewton,glewtonrh@sina.com.cn,Male,77.230.51.119
991,Phillip,Jowers,pjowersri@tinypic.com,Male,158.238.137.170
992,Theodor,Salleir,tsalleirrj@cisco.com,Male,192.87.208.245
993,Noell,Possa,npossark@arizona.edu,Female,176.37.114.24
994,Lazar,Secret,lsecretrl@biglobe.ne.jp,Male,137.62.217.250
995,Rorie,Relph,rrelphrm@php.net,Female,227.64.211.16
996,Jerry,Yvens,jyvensrn@hatena.ne.jp,Female,49.87.52.80
997,Giacopo,Bulbrook,gbulbrookro@fc2.com,Male,170.160.236.73
998,Gun,Hansley,ghansleyrp@technorati.com,Male,67.89.139.97
999,Washington,Tisun,wtisunrq@webeden.co.uk,Male,189.2.90.141
1000,Kliment,Esby,kesbyrr@nhs.uk,Male,127.84.136.244
